Recurrence_Level,Loss
1,19.00094790649414
2,15.843796684265136
4,5.952449211120605
6,0.6647682566642761
8,1.0747415933609008
12,4.795296489715576
24,29.199432418823243
